{"Afghanistan": [33.93911, 67.709953], "Albania": [41.153332, 20.168331], "Algeria": [28.033886, 1.659626], "American Samoa": [-14.270972, -170.132217], "Argentina": [-38.416097, -63.61667199999999], "Armenia": [40.069099, 45.038189], "Aruba": [12.52111, -69.968338], "Australia": [-25.274398, 133.775136], "Austria": [47.516231, 14.550072], "Azerbaijan": [40.143105, 47.576927], "Bahrain": [26.0667, 50.5577], "Bangladesh": [23.684994, 90.356331], "Barbados": [13.193887, -59.543198], "Belarus": [53.709807, 27.953389], "Belgium": [50.503887, 4.469936], "Bhutan": [27.514162, 90.433601], "Bolivia": [-16.290154, -63.58865299999999], "Bosnia and Herzegovina": [43.915886, 17.679076], "Brazil": [-14.235004, -51.92528], "Brunei": [4.535277, 114.727669], "Bulgaria": [42.733883, 25.48583], "Burkina Faso": [12.238333, -1.561593], "Cambodia": [12.565679, 104.990963], "Cameroon": [7.369721999999999, 12.354722], "Canada": [56.130366, -106.346771], "Central African Republic": [6.611110999999999, 20.939444], "Chile": [-35.675147, -71.542969], "China": [35.86166, 104.195397], "Colombia": [4.570868, -74.297333], "Costa Rica": [9.748916999999999, -83.753428], "C\u00f4te d'Ivoire": [7.539988999999999, -5.547079999999999], "Croatia": [45.1, 15.2000001], "Cyprus": [35.126413, 33.429859], "Czechia": [49.81749199999999, 15.472962], "Democratic Republic of the Congo": [-4.038333, 21.758664], "Denmark": [56.26392, 9.501785], "Dominica": [15.414999, -61.37097600000001], "Dominican Republic": [18.735693, -70.162651], "Ecuador": [-1.831239, -78.18340599999999], "Egypt": [26.820553, 30.802498], "El Salvador": [13.794185, -88.89653], "Estonia": [58.595272, 25.0136071], "Ethiopia": [9.145000000000001, 40.489673], "Fiji": [-17.713371, 178.065032], "Finland": [61.92410999999999, 25.7481511], "France": [46.227638, 2.213749], "French Guiana": [3.933889, -53.125782], "The Gambia": [13.443182, -15.310139], "Georgia, USA": [32.1656221, -82.9000751], "Germany": [51.165691, 10.451526], "Ghana": [7.946527, -1.023194], "Greece": [39.074208, 21.824312], "Grenada": [12.1165, -61.67899999999999], "Guadeloupe": [16.265, -61.55099999999999], "Guam": [13.444304, 144.793731], "Guatemala": [15.783471, -90.23075899999999], "Guyana": [4.860416, -58.93018], "Haiti": [18.971187, -72.285215], "Honduras": [15.199999, -86.241905], "Hong Kong": [22.3193039, 114.1693611], "Hungary": [47.162494, 19.5033041], "Iceland": [64.963051, -19.020835], "India": [20.593684, 78.96288], "Indonesia": [-0.789275, 113.921327], "Iran": [32.427908, 53.688046], "Iraq": [33.223191, 43.679291], "Ireland": [53.1423672, -7.692053599999999], "Israel": [31.046051, 34.851612], "Italy": [41.87194, 12.56738], "Jamaica": [18.109581, -77.297508], "Japan": [36.204824, 138.252924], "Kazakhstan": [48.019573, 66.923684], "Kenya": [-0.023559, 37.906193], "Jordan": [30.585164, 36.238414], "South Korea": [35.907757, 127.766922], "Kosovo": [42.6026359, 20.902977], "Kuwait": [29.31166, 47.481766], "Kyrgyzstan": [41.20438, 74.766098], "Laos": [19.85627, 102.495496], "Latvia": [56.879635, 24.603189], "Lebanon": [33.854721, 35.862285], "Lithuania": [55.169438, 23.881275], "Luxembourg": [49.815273, 6.129582999999999], "Macao": [22.198745, 113.543873], "North Macedonia": [41.608635, 21.745275], "Madagascar": [-18.766947, 46.869107], "Malaysia": [4.210484, 101.975766], "Maldives": [3.202778, 73.22068], "Mali": [17.570692, -3.996166], "Malta": [35.937496, 14.375416], "Martinique": [14.641528, -61.024174], "Mauritania": [21.00789, -10.940835], "Mauritius": [-20.348404, 57.55215200000001], "Mayotte": [-12.8275, 45.166244], "Mexico": [23.634501, -102.552784], "Federated States of Micronesia": [7.425554, 150.550812], "Moldova": [47.411631, 28.369885], "Mongolia": [46.862496, 103.846656], "Montenegro": [42.708678, 19.37439], "Morocco": [31.791702, -7.092619999999999], "Mozambique": [-18.665695, 35.529562], "Myanmar (Burma)": [21.916221, 95.955974], "Nauru": [-0.522778, 166.931503], "Nepal": [28.394857, 84.12400799999999], "Netherlands": [52.132633, 5.291265999999999], "New Caledonia": [-20.904305, 165.618042], "New Zealand": [-40.900557, 174.885971], "Nicaragua": [12.865416, -85.207229], "Niger": [17.607789, 8.081666], "Nigeria": [9.081999, 8.675277], "Norway": [60.47202399999999, 8.468945999999999], "Oman": [21.4735329, 55.975413], "Pakistan": [30.375321, 69.34511599999999], "Palau": [7.514979999999999, 134.58252], "Palestine": [31.952162, 35.233154], "Panama": [8.537981, -80.782127], "Papua New Guinea": [-6.314992999999999, 143.95555], "Paraguay": [-23.442503, -58.443832], "Peru": [-9.189967, -75.015152], "Philippines": [12.879721, 121.774017], "Poland": [51.919438, 19.145136], "Portugal": [39.39987199999999, -8.224454], "Puerto Rico": [18.220833, -66.590149], "Qatar": [25.354826, 51.183884], "R\u00e9union": [-21.115141, 55.536384], "Romania": [45.943161, 24.96676], "Russia": [61.52401, 105.318756], "Rwanda": [-1.940278, 29.873888], "St Vincent and the Grenadines": [12.984305, -61.287228], "Saudi Arabia": [23.885942, 45.079162], "Senegal": [14.497401, -14.452362], "Serbia": [44.016521, 21.005859], "Seychelles": [-4.679574, 55.491977], "Sierra Leone": [8.460555, -11.779889], "Singapore": [1.352083, 103.819836], "Slovakia": [48.669026, 19.699024], "Slovenia": [46.151241, 14.995463], "Solomon Islands": [-9.64571, 160.156194], "South Africa": [-30.559482, 22.937506], "Spain": [40.46366700000001, -3.74922], "Sri Lanka": [7.873053999999999, 80.77179699999999], "Suriname": [3.919305, -56.027783], "Sweden": [60.12816100000001, 18.643501], "Switzerland": [46.818188, 8.227511999999999], "Taiwan": [23.69781, 120.960515], "Tajikistan": [38.861034, 71.276093], "Tanzania": [-6.369028, 34.888822], "Thailand": [15.870032, 100.992541], "Timor-Leste": [-8.874217, 125.727539], "Togo": [8.619543, 0.824782], "Tonga": [-21.178986, -175.198242], "Trinidad and Tobago": [10.691803, -61.222503], "Tunisia": [33.886917, 9.537499], "Turkey": [38.963745, 35.243322], "Tuvalu": [-7.109534999999999, 177.64933], "Uganda": [1.373333, 32.290275], "Ukraine": [48.379433, 31.1655799], "United Arab Emirates": [23.424076, 53.847818], "United Kingdom": [55.378051, -3.435973], "United States": [37.09024, -95.712891], "Uruguay": [-32.522779, -55.765835], "Venezuela": [6.42375, -66.58973], "Vietnam": [14.058324, 108.277199], "Wallis and Futuna": [-14.2938, -178.1165], "Zambia": [-13.133897, 27.849332]}